{"actions":[],"apps":[{"acl":{"app":[],"field":[],"record":[]},"app":null,"category":{"categories":[],"useCategory":"false"},"form":{"layout":"[{\"id\":null,\"type\":\"ROW\",\"isSubTable\":false,\"var\":null,\"controlList\":[{\"label\":\"\\u003Cdiv\\u003E\\u003Cfont size=\\\"4\\\"\\u003E\\u003Cb\\u003E\\u003Cspan style=\\\"color: rgb(61,133,198);\\\"\\u003E顧客情報\\u003C/span\\u003E\\u003C/b\\u003E\\u003C/font\\u003E\\u003C/div\\u003E\",\"styleMap\":{\"width\":100},\"formatted\":\"\\u003Cdiv\\u003E\\u003Cfont size=\\\"4\\\"\\u003E\\u003Cb\\u003E\\u003Cspan style=\\\"color: rgb(61,133,198);\\\"\\u003E顧客情報\\u003C/span\\u003E\\u003C/b\\u003E\\u003C/font\\u003E\\u003C/div\\u003E\",\"type\":\"LABEL\"}]},{\"id\":null,\"type\":\"ROW\",\"isSubTable\":false,\"var\":null,\"controlList\":[{\"isVirtical\":true,\"styleMap\":{\"width\":268},\"type\":\"SINGLE_LINE_TEXT\",\"var\":\"文字列__1行_\",\"label\":\"会社名\"},{\"isVirtical\":true,\"styleMap\":{\"width\":193},\"type\":\"SINGLE_LINE_TEXT\",\"var\":\"文字列__1行__0\",\"label\":\"部署名\"},{\"isVirtical\":true,\"styleMap\":{\"width\":193},\"type\":\"SINGLE_LINE_TEXT\",\"var\":\"文字列__1行__1\",\"label\":\"先方担当者\"}]},{\"id\":null,\"type\":\"ROW\",\"isSubTable\":false,\"var\":null,\"controlList\":[{\"isVirtical\":true,\"styleMap\":{\"width\":193},\"type\":\"SINGLE_LINE_TEXT\",\"var\":\"文字列__1行__3\",\"label\":\"TEL\"},{\"isVirtical\":true,\"styleMap\":{\"width\":193},\"type\":\"SINGLE_LINE_TEXT\",\"var\":\"文字列__1行__4\",\"label\":\"FAX\"},{\"isVirtical\":true,\"styleMap\":{\"width\":268},\"type\":\"SINGLE_LINE_TEXT\",\"var\":\"文字列__1行__5\",\"label\":\"メールアドレス\"}]},{\"id\":null,\"type\":\"ROW\",\"isSubTable\":false,\"var\":null,\"controlList\":[{\"styleMap\":{\"width\":860},\"type\":\"HR\"}]},{\"id\":null,\"type\":\"ROW\",\"isSubTable\":false,\"var\":null,\"controlList\":[{\"label\":\"\\u003Cdiv\\u003E\\u003Cfont size=\\\"4\\\"\\u003E\\u003Cb\\u003E\\u003Cspan style=\\\"color: rgb(61,133,198);\\\"\\u003E案件情報\\u003C/span\\u003E\\u003C/b\\u003E\\u003C/font\\u003E\\u003C/div\\u003E\",\"styleMap\":{\"width\":100},\"formatted\":\"\\u003Cdiv\\u003E\\u003Cfont size=\\\"4\\\"\\u003E\\u003Cb\\u003E\\u003Cspan style=\\\"color: rgb(61,133,198);\\\"\\u003E案件情報\\u003C/span\\u003E\\u003C/b\\u003E\\u003C/font\\u003E\\u003C/div\\u003E\",\"type\":\"LABEL\"}]},{\"id\":null,\"type\":\"ROW\",\"isSubTable\":false,\"var\":null,\"controlList\":[{\"isVirtical\":true,\"styleMap\":{\"width\":344},\"type\":\"USER_SELECT\",\"var\":\"ユーザー選択\",\"label\":\"案件担当者名\"},{\"isVirtical\":true,\"styleMap\":{\"width\":126},\"type\":\"DATE\",\"var\":\"日付_0\",\"label\":\"見込み時期\"},{\"isVirtical\":true,\"styleMap\":{\"width\":256},\"type\":\"SINGLE_CHECK\",\"var\":\"確度\",\"label\":\"確度\",\"align\":\"horizontal\"}]},{\"id\":null,\"type\":\"ROW\",\"isSubTable\":false,\"var\":null,\"controlList\":[{\"isVirtical\":true,\"styleMap\":{\"width\":226},\"type\":\"SINGLE_SELECT\",\"var\":\"製品名\",\"label\":\"製品名\"},{\"isVirtical\":true,\"styleMap\":{\"width\":119},\"type\":\"DECIMAL\",\"var\":\"単価\",\"label\":\"単価\"},{\"isVirtical\":true,\"styleMap\":{\"width\":119},\"type\":\"DECIMAL\",\"var\":\"ユーザー数\",\"label\":\"ユーザー数\"},{\"isVirtical\":true,\"styleMap\":{\"width\":193},\"type\":\"CALC\",\"var\":\"数値_1\",\"label\":\"小計\"}]},{\"id\":null,\"type\":\"ROW\",\"isSubTable\":false,\"var\":null,\"controlList\":[{\"styleMap\":{\"width\":860},\"type\":\"HR\"}]},{\"id\":null,\"type\":\"ROW\",\"isSubTable\":false,\"var\":null,\"controlList\":[{\"label\":\"\\u003Cdiv\\u003E\\u003Cfont size=\\\"4\\\"\\u003E\\u003Cb\\u003E\\u003Cspan style=\\\"color: rgb(61,133,198);\\\"\\u003E活動履歴\\u003C/span\\u003E\\u003C/b\\u003E\\u003C/font\\u003E\\u003C/div\\u003E\",\"styleMap\":{\"width\":100},\"formatted\":\"\\u003Cdiv\\u003E\\u003Cfont size=\\\"4\\\"\\u003E\\u003Cb\\u003E\\u003Cspan style=\\\"color: rgb(61,133,198);\\\"\\u003E活動履歴\\u003C/span\\u003E\\u003C/b\\u003E\\u003C/font\\u003E\\u003C/div\\u003E\",\"type\":\"LABEL\"}]},{\"id\":\"5118321\",\"type\":\"SUBTABLE\",\"isSubTable\":true,\"var\":\"活動履歴\",\"controlList\":[{\"isVirtical\":true,\"styleMap\":{\"width\":140},\"type\":\"DATE\",\"var\":\"日付\",\"label\":\"活動日\"},{\"isVirtical\":true,\"styleMap\":{\"width\":196},\"type\":\"SINGLE_SELECT\",\"var\":\"ドロップダウン_1\",\"label\":\"活動内容\"},{\"isVirtical\":true,\"styleMap\":{\"width\":343},\"type\":\"SINGLE_LINE_TEXT\",\"var\":\"文字列__1行__2\",\"label\":\"メモ\"},{\"isVirtical\":true,\"styleMap\":{\"width\":184},\"type\":\"FILE\",\"var\":\"添付ファイル\",\"label\":\"添付ファイル\"}]}]","revision":null},"iconMeta":{"internalName":null,"mime":"image/png","name":"スクリーンショット 2019-11-22 21.18.11.png"},"info":{"automaticallyChooseTitleComponent":"false","code":null,"decimalPrecision":"16","decimalScale":"4","description":"\u003Cdiv\u003E案件ごとに、受注の確度や金額はもちろん、活動の履歴も記録できるアプリです。\u003C/div\u003E  \u003Cdiv\u003E担当者別の案件数やその確度、今月の売上金額などを集計することもできます。\u003C/div\u003E","enableBulkDeletion":"false","fiscalYearStartMonth":"4","iconKey":"11401","iconType":"BLOB","jsFiles":null,"jsScope":"ALL","name":"[Step2_復習] 案件管理","roundingMode":"HALF_EVEN","theme":"ITEM","titleComponentLocalId":"5118322","useComment":"true","useHistory":"true","useThumbnail":"true"},"jsFiles":[{"jsFileMetas":[{"internalName":null,"locationType":"BLOB","mime":"text/javascript","name":"Step2_HomeWork.js","url":null}],"jsType":"DESKTOP"}],"notification":{"appNotifications":[{"events":["RECORD_COMMENT_ADDED"],"target":{"entityId":"5118285","entityType":"FIELD_ENTITY","includeSubs":"false"}},{"events":["RECORD_COMMENT_ADDED"],"target":{"entityId":"5118286","entityType":"FIELD_ENTITY","includeSubs":"false"}}],"recordNotifications":[],"reminderTimezone":null,"reminders":[],"useComment":"true","useReminder":"false"},"plugin":{"pluginIds":["fdeplpmkengkldpdlaiegpokgmaabkkb"]},"reports":[{"advancedMode":"false","filter":{"category":null,"offset":null,"order":[],"q":null,"size":null,"sort":[]},"isAborted":null,"name":"確度別案件比率","processType":null,"report":"5118339","reportType":"SUBTOTAL","revision":null,"settings":"{\"groups\":[{\"id\":\"5118330\",\"op\":null}],\"summaries\":[{\"op\":\"SUM\",\"id\":\"5118334\"}],\"chartType\":\"pie\",\"sort\":[\"s0\"],\"order\":[\"DESC\"]}","tallyPeriod":null,"tallyStartDateTime":null},{"advancedMode":"false","filter":{"category":null,"offset":null,"order":[],"q":null,"size":null,"sort":[]},"isAborted":null,"name":"製品別売上見込み","processType":null,"report":"5118341","reportType":"SUBTOTAL","revision":null,"settings":"{\"groups\":[{\"id\":\"5118331\",\"op\":null},{\"id\":\"5118330\",\"op\":null}],\"summaries\":[{\"op\":\"SUM\",\"id\":\"5118334\"}],\"chartType\":\"column\",\"stackType\":\"stacked\",\"sort\":[\"g1\"],\"order\":[\"ASC\"]}","tallyPeriod":null,"tallyStartDateTime":null},{"advancedMode":"false","filter":{"category":null,"offset":null,"order":[],"q":null,"size":null,"sort":[]},"isAborted":null,"name":"製品ごとの活動量推移","processType":null,"report":"5519817","reportType":"SUBTOTAL","revision":null,"settings":"{\"groups\":[{\"id\":\"5118317\",\"op\":\"YEAR_MONTH\"},{\"id\":\"5118331\",\"op\":null}],\"summaries\":[{\"op\":\"COUNT\",\"id\":null}],\"chartType\":\"line\",\"sort\":[\"g0\"],\"order\":[\"ASC\"]}","tallyPeriod":null,"tallyStartDateTime":null}],"resource":{"tables":[{"rows":[{"fields":[{"language":"zh","value":""},{"language":"en","value":""},{"language":"ja","value":""}],"objectId":"0","subObjectId":"-1"}],"type":"AppName"},{"rows":[{"fields":[{"language":"zh","value":""},{"language":"en","value":""},{"language":"ja","value":""}],"objectId":"0","subObjectId":"-1"}],"type":"AppDescription"},{"rows":[{"fields":[{"language":"zh","value":""},{"language":"en","value":""},{"language":"ja","value":""}],"objectId":"5118284","subObjectId":"-1"},{"fields":[{"language":"zh","value":""},{"language":"en","value":""},{"language":"ja","value":""}],"objectId":"5118285","subObjectId":"-1"},{"fields":[{"language":"zh","value":""},{"language":"en","value":""},{"language":"ja","value":""}],"objectId":"5118286","subObjectId":"-1"},{"fields":[{"language":"zh","value":""},{"language":"en","value":""},{"language":"ja","value":""}],"objectId":"5118287","subObjectId":"-1"},{"fields":[{"language":"zh","value":""},{"language":"en","value":""},{"language":"ja","value":""}],"objectId":"5118288","subObjectId":"-1"},{"fields":[{"language":"zh","value":""},{"language":"en","value":""},{"language":"ja","value":""}],"objectId":"5118289","subObjectId":"-1"},{"fields":[{"language":"zh","value":""},{"language":"en","value":""},{"language":"ja","value":""}],"objectId":"5118290","subObjectId":"-1"},{"fields":[{"language":"zh","value":""},{"language":"en","value":""},{"language":"ja","value":""}],"objectId":"5118291","subObjectId":"-1"},{"fields":[{"language":"zh","value":""},{"language":"en","value":""},{"language":"ja","value":""}],"objectId":"5118321","subObjectId":"-1"},{"fields":[{"language":"zh","value":""},{"language":"en","value":""},{"language":"ja","value":""}],"objectId":"5118317","subObjectId":"-1"},{"fields":[{"language":"zh","value":""},{"language":"en","value":""},{"language":"ja","value":""}],"objectId":"5118318","subObjectId":"-1"},{"fields":[{"language":"zh","value":""},{"language":"en","value":""},{"language":"ja","value":""}],"objectId":"5118318","subObjectId":"5118298"},{"fields":[{"language":"zh","value":""},{"language":"en","value":""},{"language":"ja","value":""}],"objectId":"5118318","subObjectId":"5118299"},{"fields":[{"language":"zh","value":""},{"language":"en","value":""},{"language":"ja","value":""}],"objectId":"5118318","subObjectId":"5118300"},{"fields":[{"language":"zh","value":""},{"language":"en","value":""},{"language":"ja","value":""}],"objectId":"5118318","subObjectId":"5118301"},{"fields":[{"language":"zh","value":""},{"language":"en","value":""},{"language":"ja","value":""}],"objectId":"5118318","subObjectId":"5118302"},{"fields":[{"language":"zh","value":""},{"language":"en","value":""},{"language":"ja","value":""}],"objectId":"5118318","subObjectId":"5118303"},{"fields":[{"language":"zh","value":""},{"language":"en","value":""},{"language":"ja","value":""}],"objectId":"5118318","subObjectId":"5118304"},{"fields":[{"language":"zh","value":""},{"language":"en","value":""},{"language":"ja","value":""}],"objectId":"5118319","subObjectId":"-1"},{"fields":[{"language":"zh","value":""},{"language":"en","value":""},{"language":"ja","value":""}],"objectId":"5118320","subObjectId":"-1"},{"fields":[{"language":"zh","value":""},{"language":"en","value":""},{"language":"ja","value":""}],"objectId":"5118322","subObjectId":"-1"},{"fields":[{"language":"zh","value":""},{"language":"en","value":""},{"language":"ja","value":""}],"objectId":"5118323","subObjectId":"-1"},{"fields":[{"language":"zh","value":""},{"language":"en","value":""},{"language":"ja","value":""}],"objectId":"5118324","subObjectId":"-1"},{"fields":[{"language":"zh","value":""},{"language":"en","value":""},{"language":"ja","value":""}],"objectId":"5118325","subObjectId":"-1"},{"fields":[{"language":"zh","value":""},{"language":"en","value":""},{"language":"ja","value":""}],"objectId":"5118326","subObjectId":"-1"},{"fields":[{"language":"zh","value":""},{"language":"en","value":""},{"language":"ja","value":""}],"objectId":"5118327","subObjectId":"-1"},{"fields":[{"language":"zh","value":""},{"language":"en","value":""},{"language":"ja","value":""}],"objectId":"5118328","subObjectId":"-1"},{"fields":[{"language":"zh","value":""},{"language":"en","value":""},{"language":"ja","value":""}],"objectId":"5118329","subObjectId":"-1"},{"fields":[{"language":"zh","value":""},{"language":"en","value":""},{"language":"ja","value":""}],"objectId":"5118330","subObjectId":"-1"},{"fields":[{"language":"zh","value":""},{"language":"en","value":""},{"language":"ja","value":""}],"objectId":"5118330","subObjectId":"5118292"},{"fields":[{"language":"zh","value":""},{"language":"en","value":""},{"language":"ja","value":""}],"objectId":"5118330","subObjectId":"5118293"},{"fields":[{"language":"zh","value":""},{"language":"en","value":""},{"language":"ja","value":""}],"objectId":"5118330","subObjectId":"5118294"},{"fields":[{"language":"zh","value":""},{"language":"en","value":""},{"language":"ja","value":""}],"objectId":"5118331","subObjectId":"-1"},{"fields":[{"language":"zh","value":""},{"language":"en","value":""},{"language":"ja","value":""}],"objectId":"5118331","subObjectId":"5118295"},{"fields":[{"language":"zh","value":""},{"language":"en","value":""},{"language":"ja","value":""}],"objectId":"5118331","subObjectId":"5118296"},{"fields":[{"language":"zh","value":""},{"language":"en","value":""},{"language":"ja","value":""}],"objectId":"5118331","subObjectId":"5118297"},{"fields":[],"objectId":"5118331","subObjectId":"5705599"},{"fields":[{"language":"zh","value":""},{"language":"en","value":""},{"language":"ja","value":""}],"objectId":"5118332","subObjectId":"-1"},{"fields":[{"language":"zh","value":""},{"language":"en","value":""},{"language":"ja","value":""}],"objectId":"5118333","subObjectId":"-1"},{"fields":[{"language":"zh","value":""},{"language":"en","value":""},{"language":"ja","value":""}],"objectId":"5118334","subObjectId":"-1"}],"type":"FieldLabel"},{"rows":[{"fields":[{"language":"zh","value":""},{"language":"en","value":""},{"language":"ja","value":""}],"objectId":"20","subObjectId":"-1"},{"fields":[{"language":"zh","value":""},{"language":"en","value":""},{"language":"ja","value":""}],"objectId":"5118336","subObjectId":"-1"},{"fields":[{"language":"zh","value":""},{"language":"en","value":""},{"language":"ja","value":""}],"objectId":"5519813","subObjectId":"-1"},{"fields":[{"language":"zh","value":""},{"language":"en","value":""},{"language":"ja","value":""}],"objectId":"5519815","subObjectId":"-1"}],"type":"ViewName"},{"rows":[{"fields":[{"language":"zh","value":""},{"language":"en","value":""},{"language":"ja","value":""}],"objectId":"5118339","subObjectId":"-1"},{"fields":[{"language":"zh","value":""},{"language":"en","value":""},{"language":"ja","value":""}],"objectId":"5118341","subObjectId":"-1"},{"fields":[{"language":"zh","value":""},{"language":"en","value":""},{"language":"ja","value":""}],"objectId":"5519817","subObjectId":"-1"}],"type":"ReportName"}]},"schema":{"groups":[],"revision":null,"subTable":{"5118321":{"fieldList":{"5118317":{"id":"5118317","label":"活動日","properties":{"defaultExpression":"NOW","defaultValue":null,"noLabel":"false","required":"false","unique":"false"},"type":"DATE","var":"日付"},"5118318":{"id":"5118318","label":"活動内容","properties":{"defaultValue":null,"noLabel":"false","options":[{"id":"5118298","label":"訪問/来訪","valid":true},{"id":"5118299","label":"電話","valid":true},{"id":"5118300","label":"メール","valid":true},{"id":"5118301","label":"導入相談","valid":true},{"id":"5118302","label":"セミナー","valid":true},{"id":"5118303","label":"イベント","valid":true},{"id":"5118304","label":"その他","valid":true}],"required":"false"},"type":"SINGLE_SELECT","var":"ドロップダウン_1"},"5118319":{"id":"5118319","label":"メモ","properties":{"defaultValue":"","expression":"","hideExpression":"false","max":null,"min":null,"noLabel":"false","required":"false","unique":"false"},"type":"SINGLE_LINE_TEXT","var":"文字列__1行__2"},"5118320":{"id":"5118320","label":"添付ファイル","properties":{"noLabel":"false","required":"false","thumbnailSize":"150"},"type":"FILE","var":"添付ファイル"}},"id":"5118321","label":"活動履歴","var":"活動履歴"}},"table":{"fieldList":{"5118284":{"id":"5118284","label":"レコード番号","properties":{"noLabel":"false","required":"true"},"type":"RECORD_ID","var":"レコード番号"},"5118285":{"id":"5118285","label":"更新者","properties":{"noLabel":"false","required":"true"},"type":"MODIFIER","var":"更新者"},"5118286":{"id":"5118286","label":"作成者","properties":{"noLabel":"false","required":"true"},"type":"CREATOR","var":"作成者"},"5118287":{"id":"5118287","label":"更新日時","properties":{"noLabel":"false","required":"true"},"type":"MODIFIED_AT","var":"更新日時"},"5118288":{"id":"5118288","label":"作成日時","properties":{"noLabel":"false","required":"true"},"type":"CREATED_AT","var":"作成日時"},"5118289":{"id":"5118289","label":"ステータス","properties":{"noLabel":"false","required":"false"},"type":"STATUS","var":"ステータス"},"5118290":{"id":"5118290","label":"作業者","properties":{"noLabel":"false","required":"false"},"type":"STATUS_ASSIGNEE","var":"作業者"},"5118291":{"id":"5118291","label":"カテゴリー","properties":{"noLabel":"false","required":"false"},"type":"CATEGORY","var":"カテゴリー"},"5118322":{"id":"5118322","label":"会社名","properties":{"defaultValue":"","expression":"","hideExpression":"false","max":null,"min":null,"noLabel":"false","required":"false","unique":"false"},"type":"SINGLE_LINE_TEXT","var":"文字列__1行_"},"5118323":{"id":"5118323","label":"部署名","properties":{"defaultValue":"","expression":"","hideExpression":"false","max":null,"min":null,"noLabel":"false","required":"false","unique":"false"},"type":"SINGLE_LINE_TEXT","var":"文字列__1行__0"},"5118324":{"id":"5118324","label":"先方担当者","properties":{"defaultValue":"","expression":"","hideExpression":"false","max":null,"min":null,"noLabel":"false","required":"false","unique":"false"},"type":"SINGLE_LINE_TEXT","var":"文字列__1行__1"},"5118325":{"id":"5118325","label":"TEL","properties":{"defaultValue":"","expression":"","hideExpression":"false","max":null,"min":null,"noLabel":"false","required":"false","unique":"false"},"type":"SINGLE_LINE_TEXT","var":"文字列__1行__3"},"5118326":{"id":"5118326","label":"FAX","properties":{"defaultValue":"","expression":"","hideExpression":"false","max":null,"min":null,"noLabel":"false","required":"false","unique":"false"},"type":"SINGLE_LINE_TEXT","var":"文字列__1行__4"},"5118327":{"id":"5118327","label":"メールアドレス","properties":{"defaultValue":"","expression":"","hideExpression":"false","max":null,"min":null,"noLabel":"false","required":"false","unique":"false"},"type":"SINGLE_LINE_TEXT","var":"文字列__1行__5"},"5118328":{"id":"5118328","label":"案件担当者名","properties":{"defaultEntities":[],"defaultSelect":[],"entities":[],"noLabel":"false","required":"false","select":[]},"type":"USER_SELECT","var":"ユーザー選択"},"5118329":{"id":"5118329","label":"見込み時期","properties":{"defaultExpression":"NOW","defaultValue":null,"noLabel":"false","required":"false","unique":"false"},"type":"DATE","var":"日付_0"},"5118330":{"id":"5118330","label":"確度","properties":{"defaultValue":"5118292","noLabel":"false","options":[{"id":"5118292","label":"A","valid":true},{"id":"5118293","label":"B","valid":true},{"id":"5118294","label":"C","valid":true}],"required":"true"},"type":"SINGLE_CHECK","var":"確度"},"5118331":{"id":"5118331","label":"製品名","properties":{"defaultValue":null,"noLabel":"false","options":[{"id":"5118295","label":"kintone","valid":true},{"id":"5118296","label":"Office","valid":true},{"id":"5118297","label":"Garoon","valid":true},{"id":"5705599","label":"その他","valid":false}],"required":"false"},"type":"SINGLE_SELECT","var":"製品名"},"5118332":{"id":"5118332","label":"単価","properties":{"defaultValue":"0","digit":"true","displayScale":null,"max":null,"min":null,"noLabel":"false","required":"false","roundingMode":null,"scale":null,"unique":"false","unit":"","unitPosition":"BEFORE"},"type":"DECIMAL","var":"単価"},"5118333":{"id":"5118333","label":"ユーザー数","properties":{"defaultValue":"0","digit":"true","displayScale":null,"max":null,"min":null,"noLabel":"false","required":"false","roundingMode":null,"scale":null,"unique":"false","unit":"","unitPosition":"BEFORE"},"type":"DECIMAL","var":"ユーザー数"},"5118334":{"id":"5118334","label":"小計","properties":{"displayScale":null,"expression":"単価*ユーザー数","format":"NUMBER_DIGIT","hideExpression":"false","noLabel":"false","required":"false","roundingMode":null,"scale":null,"unit":"","unitPosition":"BEFORE"},"type":"CALC","var":"数値_1"}},"id":"1","label":"__ROOT__","var":"__ROOT__"}},"status":{"actions":[],"filters":[],"initialStateId":null,"states":[],"useStatus":"false"},"uuid":"380196ce-d1e0-4f36-9bee-2b83b3f0d470","views":[{"advancedMode":"false","builtinType":null,"device":null,"fields":[{"row":[{"id":"5118322"},{"id":"5118324"},{"id":"5118329"},{"id":"5118330"},{"id":"5118331"},{"id":"5118332"},{"id":"5118333"},{"id":"5118334"}]}],"filter":{"category":null,"offset":null,"order":["DESC"],"q":null,"size":null,"sort":["f5118288"]},"html":null,"keyFieldId":null,"name":"案件一覧","pager":null,"revision":null,"titleFieldId":null,"view":"5118336","viewType":"LIST"},{"advancedMode":"false","builtinType":null,"device":null,"fields":[{"row":[{"id":"5118322"},{"id":"5118324"},{"id":"5118329"},{"id":"5118330"},{"id":"5118331"},{"id":"5118332"},{"id":"5118333"},{"id":"5118334"}]}],"filter":{"category":null,"offset":null,"order":["DESC"],"q":"f5118330 in (\"5118292\")","size":null,"sort":["f5118288"]},"html":null,"keyFieldId":null,"name":"確度Aの案件","pager":null,"revision":null,"titleFieldId":null,"view":"5519813","viewType":"LIST"},{"advancedMode":"false","builtinType":null,"device":null,"fields":[{"row":[{"id":"5118322"},{"id":"5118324"},{"id":"5118329"},{"id":"5118330"},{"id":"5118331"},{"id":"5118332"},{"id":"5118333"},{"id":"5118334"}]}],"filter":{"category":null,"offset":null,"order":["DESC"],"q":"f5118331 in (\"5118295\")","size":null,"sort":["f5118288"]},"html":null,"keyFieldId":null,"name":"kintone案件","pager":null,"revision":null,"titleFieldId":null,"view":"5519815","viewType":"LIST"},{"advancedMode":null,"builtinType":"ALL","device":null,"fields":[{"row":[{"id":"5118284"},{"id":"5118322"},{"id":"5118323"},{"id":"5118324"},{"id":"5118325"},{"id":"5118326"},{"id":"5118327"},{"id":"5118328"},{"id":"5118329"},{"id":"5118330"},{"id":"5118331"},{"id":"5118332"},{"id":"5118333"},{"id":"5118334"}]}],"filter":{"category":null,"offset":null,"order":[],"q":null,"size":null,"sort":[]},"html":null,"keyFieldId":null,"name":"（すべて）","pager":null,"revision":null,"titleFieldId":null,"view":"20","viewType":"LIST"}]}],"description":"","iconKey":"201911261236116717B8BFD049474686CB95959B1A4D52090","iconMeta":{"internalName":null,"mime":"image/png","name":"スクリーンショット 2019-11-22 21.18.11.png"},"iconSrcAppId":"380196ce-d1e0-4f36-9bee-2b83b3f0d470","iconType":"BLOB","imagesMeta":[],"lookups":[],"name":"[Step2_復習]案件管理","references":[],"version":"26"}